stem,image_path,label_path,num_boxes,avg_confidence,IoU,Precision,Recall,F1,TP,FP,FN,num_pred_boxes,num_gt_boxes
rgb_1036,/Users/peter/Documents/MDS_UBC/My Projects/Grounded_SAM/Labeling/dataset/gate_dataset/images/train/rgb_1036.png,/Users/peter/Documents/MDS_UBC/My Projects/Grounded_SAM/Labeling/dataset/gate_dataset/labels/train/rgb_1036.txt,1,0.5969666838645935,0.9500027969679392,1.0,1.0,1.0,1.0,0.0,0.0,1,1
rgb_1064,/Users/peter/Documents/MDS_UBC/My Projects/Grounded_SAM/Labeling/dataset/gate_dataset/images/train/rgb_1064.png,/Users/peter/Documents/MDS_UBC/My Projects/Grounded_SAM/Labeling/dataset/gate_dataset/labels/train/rgb_1064.txt,2,0.3570623993873596,0.9398548320104055,0.5,1.0,0.6666666666666666,1.0,1.0,0.0,2,1
rgb_1084,/Users/peter/Documents/MDS_UBC/My Projects/Grounded_SAM/Labeling/dataset/gate_dataset/images/train/rgb_1084.png,/Users/peter/Documents/MDS_UBC/My Projects/Grounded_SAM/Labeling/dataset/gate_dataset/labels/train/rgb_1084.txt,0,0.0,0.0,0.0,0.0,0.0,,,,0,1
rgb_1110,/Users/peter/Documents/MDS_UBC/My Projects/Grounded_SAM/Labeling/dataset/gate_dataset/images/train/rgb_1110.png,/Users/peter/Documents/MDS_UBC/My Projects/Grounded_SAM/Labeling/dataset/gate_dataset/labels/train/rgb_1110.txt,1,0.4893615245819092,0.9015274415995432,1.0,1.0,1.0,1.0,0.0,0.0,1,1
rgb_1131,/Users/peter/Documents/MDS_UBC/My Projects/Grounded_SAM/Labeling/dataset/gate_dataset/images/train/rgb_1131.png,/Users/peter/Documents/MDS_UBC/My Projects/Grounded_SAM/Labeling/dataset/gate_dataset/labels/train/rgb_1131.txt,1,0.4528012275695801,0.946808003026135,1.0,1.0,1.0,1.0,0.0,0.0,1,1
rgb_11434,/Users/peter/Documents/MDS_UBC/My Projects/Grounded_SAM/Labeling/dataset/gate_dataset/images/train/rgb_11434.png,/Users/peter/Documents/MDS_UBC/My Projects/Grounded_SAM/Labeling/dataset/gate_dataset/labels/train/rgb_11434.txt,2,0.38994672894477844,0.9519200267296881,0.5,1.0,0.6666666666666666,1.0,1.0,0.0,2,1
rgb_1154,/Users/peter/Documents/MDS_UBC/My Projects/Grounded_SAM/Labeling/dataset/gate_dataset/images/train/rgb_1154.png,/Users/peter/Documents/MDS_UBC/My Projects/Grounded_SAM/Labeling/dataset/gate_dataset/labels/train/rgb_1154.txt,1,0.6170241236686707,0.9390993909112365,1.0,1.0,1.0,1.0,0.0,0.0,1,1
rgb_1185,/Users/peter/Documents/MDS_UBC/My Projects/Grounded_SAM/Labeling/dataset/gate_dataset/images/train/rgb_1185.png,/Users/peter/Documents/MDS_UBC/My Projects/Grounded_SAM/Labeling/dataset/gate_dataset/labels/train/rgb_1185.txt,1,0.671080470085144,0.8873757662527657,1.0,1.0,1.0,1.0,0.0,0.0,1,1
rgb_1252,/Users/peter/Documents/MDS_UBC/My Projects/Grounded_SAM/Labeling/dataset/gate_dataset/images/train/rgb_1252.png,/Users/peter/Documents/MDS_UBC/My Projects/Grounded_SAM/Labeling/dataset/gate_dataset/labels/train/rgb_1252.txt,1,0.439556747674942,0.9682742146110961,1.0,1.0,1.0,1.0,0.0,0.0,1,1
rgb_13601,/Users/peter/Documents/MDS_UBC/My Projects/Grounded_SAM/Labeling/dataset/gate_dataset/images/train/rgb_13601.png,/Users/peter/Documents/MDS_UBC/My Projects/Grounded_SAM/Labeling/dataset/gate_dataset/labels/train/rgb_13601.txt,1,0.6552221775054932,0.9348456137109689,1.0,1.0,1.0,1.0,0.0,0.0,1,1
rgb_13711,/Users/peter/Documents/MDS_UBC/My Projects/Grounded_SAM/Labeling/dataset/gate_dataset/images/train/rgb_13711.png,/Users/peter/Documents/MDS_UBC/My Projects/Grounded_SAM/Labeling/dataset/gate_dataset/labels/train/rgb_13711.txt,1,0.6356295347213745,0.9598113506048441,1.0,1.0,1.0,1.0,0.0,0.0,1,1
rgb_13716,/Users/peter/Documents/MDS_UBC/My Projects/Grounded_SAM/Labeling/dataset/gate_dataset/images/train/rgb_13716.png,/Users/peter/Documents/MDS_UBC/My Projects/Grounded_SAM/Labeling/dataset/gate_dataset/labels/train/rgb_13716.txt,1,0.6453990340232849,0.9497485624661973,1.0,1.0,1.0,1.0,0.0,0.0,1,1
rgb_13899,/Users/peter/Documents/MDS_UBC/My Projects/Grounded_SAM/Labeling/dataset/gate_dataset/images/train/rgb_13899.png,/Users/peter/Documents/MDS_UBC/My Projects/Grounded_SAM/Labeling/dataset/gate_dataset/labels/train/rgb_13899.txt,1,0.4301745295524597,0.0,0.0,0.0,0.0,0.0,1.0,1.0,1,1
rgb_13933,/Users/peter/Documents/MDS_UBC/My Projects/Grounded_SAM/Labeling/dataset/gate_dataset/images/train/rgb_13933.png,/Users/peter/Documents/MDS_UBC/My Projects/Grounded_SAM/Labeling/dataset/gate_dataset/labels/train/rgb_13933.txt,1,0.5810709595680237,0.0,0.0,0.0,0.0,0.0,1.0,1.0,1,1
rgb_13989,/Users/peter/Documents/MDS_UBC/My Projects/Grounded_SAM/Labeling/dataset/gate_dataset/images/train/rgb_13989.png,/Users/peter/Documents/MDS_UBC/My Projects/Grounded_SAM/Labeling/dataset/gate_dataset/labels/train/rgb_13989.txt,1,0.641438364982605,0.9752497525002966,1.0,1.0,1.0,1.0,0.0,0.0,1,1
rgb_14054,/Users/peter/Documents/MDS_UBC/My Projects/Grounded_SAM/Labeling/dataset/gate_dataset/images/train/rgb_14054.png,/Users/peter/Documents/MDS_UBC/My Projects/Grounded_SAM/Labeling/dataset/gate_dataset/labels/train/rgb_14054.txt,1,0.5941446423530579,0.9727973761071389,1.0,1.0,1.0,1.0,0.0,0.0,1,1
rgb_1410,/Users/peter/Documents/MDS_UBC/My Projects/Grounded_SAM/Labeling/dataset/gate_dataset/images/train/rgb_1410.png,/Users/peter/Documents/MDS_UBC/My Projects/Grounded_SAM/Labeling/dataset/gate_dataset/labels/train/rgb_1410.txt,1,0.5905241370201111,0.953754917523504,1.0,1.0,1.0,1.0,0.0,0.0,1,1
rgb_14160,/Users/peter/Documents/MDS_UBC/My Projects/Grounded_SAM/Labeling/dataset/gate_dataset/images/train/rgb_14160.png,/Users/peter/Documents/MDS_UBC/My Projects/Grounded_SAM/Labeling/dataset/gate_dataset/labels/train/rgb_14160.txt,2,0.3900068402290344,0.5015956493400135,0.5,1.0,0.6666666666666666,1.0,1.0,0.0,2,1
rgb_14224,/Users/peter/Documents/MDS_UBC/My Projects/Grounded_SAM/Labeling/dataset/gate_dataset/images/train/rgb_14224.png,/Users/peter/Documents/MDS_UBC/My Projects/Grounded_SAM/Labeling/dataset/gate_dataset/labels/train/rgb_14224.txt,1,0.46195635199546814,0.5925936503732329,1.0,1.0,1.0,1.0,0.0,0.0,1,1
rgb_14273,/Users/peter/Documents/MDS_UBC/My Projects/Grounded_SAM/Labeling/dataset/gate_dataset/images/train/rgb_14273.png,/Users/peter/Documents/MDS_UBC/My Projects/Grounded_SAM/Labeling/dataset/gate_dataset/labels/train/rgb_14273.txt,1,0.43516311049461365,0.6180725964618052,1.0,1.0,1.0,1.0,0.0,0.0,1,1
rgb_14333,/Users/peter/Documents/MDS_UBC/My Projects/Grounded_SAM/Labeling/dataset/gate_dataset/images/train/rgb_14333.png,/Users/peter/Documents/MDS_UBC/My Projects/Grounded_SAM/Labeling/dataset/gate_dataset/labels/train/rgb_14333.txt,2,0.4209820032119751,0.7432170201205217,0.5,1.0,0.6666666666666666,1.0,1.0,0.0,2,1
rgb_14420,/Users/peter/Documents/MDS_UBC/My Projects/Grounded_SAM/Labeling/dataset/gate_dataset/images/train/rgb_14420.png,/Users/peter/Documents/MDS_UBC/My Projects/Grounded_SAM/Labeling/dataset/gate_dataset/labels/train/rgb_14420.txt,1,0.4434151351451874,0.0,0.0,0.0,0.0,0.0,1.0,1.0,1,1
rgb_14586,/Users/peter/Documents/MDS_UBC/My Projects/Grounded_SAM/Labeling/dataset/gate_dataset/images/train/rgb_14586.png,/Users/peter/Documents/MDS_UBC/My Projects/Grounded_SAM/Labeling/dataset/gate_dataset/labels/train/rgb_14586.txt,1,0.37533143162727356,0.0,0.0,0.0,0.0,0.0,1.0,1.0,1,1
rgb_14629,/Users/peter/Documents/MDS_UBC/My Projects/Grounded_SAM/Labeling/dataset/gate_dataset/images/train/rgb_14629.png,/Users/peter/Documents/MDS_UBC/My Projects/Grounded_SAM/Labeling/dataset/gate_dataset/labels/train/rgb_14629.txt,1,0.6100455522537231,0.9078422257274191,1.0,1.0,1.0,1.0,0.0,0.0,1,1
rgb_14647,/Users/peter/Documents/MDS_UBC/My Projects/Grounded_SAM/Labeling/dataset/gate_dataset/images/train/rgb_14647.png,/Users/peter/Documents/MDS_UBC/My Projects/Grounded_SAM/Labeling/dataset/gate_dataset/labels/train/rgb_14647.txt,1,0.3980568051338196,0.95807854136731,1.0,1.0,1.0,1.0,0.0,0.0,1,1
rgb_14664,/Users/peter/Documents/MDS_UBC/My Projects/Grounded_SAM/Labeling/dataset/gate_dataset/images/train/rgb_14664.png,/Users/peter/Documents/MDS_UBC/My Projects/Grounded_SAM/Labeling/dataset/gate_dataset/labels/train/rgb_14664.txt,2,0.39352113008499146,0.9178366404967936,0.5,1.0,0.6666666666666666,1.0,1.0,0.0,2,1
rgb_14708,/Users/peter/Documents/MDS_UBC/My Projects/Grounded_SAM/Labeling/dataset/gate_dataset/images/train/rgb_14708.png,/Users/peter/Documents/MDS_UBC/My Projects/Grounded_SAM/Labeling/dataset/gate_dataset/labels/train/rgb_14708.txt,1,0.6888938546180725,0.9713707655065714,1.0,1.0,1.0,1.0,0.0,0.0,1,1
rgb_14713,/Users/peter/Documents/MDS_UBC/My Projects/Grounded_SAM/Labeling/dataset/gate_dataset/images/train/rgb_14713.png,/Users/peter/Documents/MDS_UBC/My Projects/Grounded_SAM/Labeling/dataset/gate_dataset/labels/train/rgb_14713.txt,1,0.5749550461769104,0.9785383158810189,1.0,1.0,1.0,1.0,0.0,0.0,1,1
rgb_14750,/Users/peter/Documents/MDS_UBC/My Projects/Grounded_SAM/Labeling/dataset/gate_dataset/images/train/rgb_14750.png,/Users/peter/Documents/MDS_UBC/My Projects/Grounded_SAM/Labeling/dataset/gate_dataset/labels/train/rgb_14750.txt,1,0.7280753254890442,0.9529764570571859,1.0,1.0,1.0,1.0,0.0,0.0,1,1
rgb_14798,/Users/peter/Documents/MDS_UBC/My Projects/Grounded_SAM/Labeling/dataset/gate_dataset/images/train/rgb_14798.png,/Users/peter/Documents/MDS_UBC/My Projects/Grounded_SAM/Labeling/dataset/gate_dataset/labels/train/rgb_14798.txt,1,0.7165336012840271,0.9229637570916557,1.0,1.0,1.0,1.0,0.0,0.0,1,1
rgb_14905,/Users/peter/Documents/MDS_UBC/My Projects/Grounded_SAM/Labeling/dataset/gate_dataset/images/train/rgb_14905.png,/Users/peter/Documents/MDS_UBC/My Projects/Grounded_SAM/Labeling/dataset/gate_dataset/labels/train/rgb_14905.txt,1,0.5683193206787109,0.9760085682220853,1.0,1.0,1.0,1.0,0.0,0.0,1,1
rgb_15071,/Users/peter/Documents/MDS_UBC/My Projects/Grounded_SAM/Labeling/dataset/gate_dataset/images/train/rgb_15071.png,/Users/peter/Documents/MDS_UBC/My Projects/Grounded_SAM/Labeling/dataset/gate_dataset/labels/train/rgb_15071.txt,1,0.5773844122886658,0.9429486223994036,1.0,1.0,1.0,1.0,0.0,0.0,1,1
rgb_15073,/Users/peter/Documents/MDS_UBC/My Projects/Grounded_SAM/Labeling/dataset/gate_dataset/images/train/rgb_15073.png,/Users/peter/Documents/MDS_UBC/My Projects/Grounded_SAM/Labeling/dataset/gate_dataset/labels/train/rgb_15073.txt,1,0.622376561164856,0.9680248621907003,1.0,1.0,1.0,1.0,0.0,0.0,1,1
rgb_15105,/Users/peter/Documents/MDS_UBC/My Projects/Grounded_SAM/Labeling/dataset/gate_dataset/images/train/rgb_15105.png,/Users/peter/Documents/MDS_UBC/My Projects/Grounded_SAM/Labeling/dataset/gate_dataset/labels/train/rgb_15105.txt,1,0.4900358319282532,0.9684056775942783,1.0,1.0,1.0,1.0,0.0,0.0,1,1
rgb_15202,/Users/peter/Documents/MDS_UBC/My Projects/Grounded_SAM/Labeling/dataset/gate_dataset/images/train/rgb_15202.png,/Users/peter/Documents/MDS_UBC/My Projects/Grounded_SAM/Labeling/dataset/gate_dataset/labels/train/rgb_15202.txt,1,0.607622504234314,0.9503376762604588,1.0,1.0,1.0,1.0,0.0,0.0,1,1
rgb_15268,/Users/peter/Documents/MDS_UBC/My Projects/Grounded_SAM/Labeling/dataset/gate_dataset/images/train/rgb_15268.png,/Users/peter/Documents/MDS_UBC/My Projects/Grounded_SAM/Labeling/dataset/gate_dataset/labels/train/rgb_15268.txt,1,0.6934450268745422,0.9599116044703331,1.0,1.0,1.0,1.0,0.0,0.0,1,1
rgb_15340,/Users/peter/Documents/MDS_UBC/My Projects/Grounded_SAM/Labeling/dataset/gate_dataset/images/train/rgb_15340.png,/Users/peter/Documents/MDS_UBC/My Projects/Grounded_SAM/Labeling/dataset/gate_dataset/labels/train/rgb_15340.txt,1,0.5860658884048462,0.9721665613219111,1.0,1.0,1.0,1.0,0.0,0.0,1,1
rgb_15399,/Users/peter/Documents/MDS_UBC/My Projects/Grounded_SAM/Labeling/dataset/gate_dataset/images/train/rgb_15399.png,/Users/peter/Documents/MDS_UBC/My Projects/Grounded_SAM/Labeling/dataset/gate_dataset/labels/train/rgb_15399.txt,1,0.6692967414855957,0.9670862060642003,1.0,1.0,1.0,1.0,0.0,0.0,1,1
rgb_15564,/Users/peter/Documents/MDS_UBC/My Projects/Grounded_SAM/Labeling/dataset/gate_dataset/images/train/rgb_15564.png,/Users/peter/Documents/MDS_UBC/My Projects/Grounded_SAM/Labeling/dataset/gate_dataset/labels/train/rgb_15564.txt,1,0.5525444149971008,0.9541088785116468,1.0,1.0,1.0,1.0,0.0,0.0,1,1
rgb_15565,/Users/peter/Documents/MDS_UBC/My Projects/Grounded_SAM/Labeling/dataset/gate_dataset/images/train/rgb_15565.png,/Users/peter/Documents/MDS_UBC/My Projects/Grounded_SAM/Labeling/dataset/gate_dataset/labels/train/rgb_15565.txt,1,0.5591131448745728,0.9927203688593884,1.0,1.0,1.0,1.0,0.0,0.0,1,1
rgb_15566,/Users/peter/Documents/MDS_UBC/My Projects/Grounded_SAM/Labeling/dataset/gate_dataset/images/train/rgb_15566.png,/Users/peter/Documents/MDS_UBC/My Projects/Grounded_SAM/Labeling/dataset/gate_dataset/labels/train/rgb_15566.txt,1,0.6011225581169128,0.9404534271592191,1.0,1.0,1.0,1.0,0.0,0.0,1,1
rgb_15567,/Users/peter/Documents/MDS_UBC/My Projects/Grounded_SAM/Labeling/dataset/gate_dataset/images/train/rgb_15567.png,/Users/peter/Documents/MDS_UBC/My Projects/Grounded_SAM/Labeling/dataset/gate_dataset/labels/train/rgb_15567.txt,1,0.6129733920097351,0.9562834040613141,1.0,1.0,1.0,1.0,0.0,0.0,1,1
rgb_15568,/Users/peter/Documents/MDS_UBC/My Projects/Grounded_SAM/Labeling/dataset/gate_dataset/images/train/rgb_15568.png,/Users/peter/Documents/MDS_UBC/My Projects/Grounded_SAM/Labeling/dataset/gate_dataset/labels/train/rgb_15568.txt,1,0.6511462330818176,0.9693551006300869,1.0,1.0,1.0,1.0,0.0,0.0,1,1
rgb_15569,/Users/peter/Documents/MDS_UBC/My Projects/Grounded_SAM/Labeling/dataset/gate_dataset/images/train/rgb_15569.png,/Users/peter/Documents/MDS_UBC/My Projects/Grounded_SAM/Labeling/dataset/gate_dataset/labels/train/rgb_15569.txt,1,0.6365253925323486,0.9486559380274941,1.0,1.0,1.0,1.0,0.0,0.0,1,1
rgb_15572,/Users/peter/Documents/MDS_UBC/My Projects/Grounded_SAM/Labeling/dataset/gate_dataset/images/train/rgb_15572.png,/Users/peter/Documents/MDS_UBC/My Projects/Grounded_SAM/Labeling/dataset/gate_dataset/labels/train/rgb_15572.txt,1,0.6106436252593994,0.9682859779578333,1.0,1.0,1.0,1.0,0.0,0.0,1,1
rgb_15574,/Users/peter/Documents/MDS_UBC/My Projects/Grounded_SAM/Labeling/dataset/gate_dataset/images/train/rgb_15574.png,/Users/peter/Documents/MDS_UBC/My Projects/Grounded_SAM/Labeling/dataset/gate_dataset/labels/train/rgb_15574.txt,1,0.6315146684646606,0.9621922993786841,1.0,1.0,1.0,1.0,0.0,0.0,1,1
rgb_15575,/Users/peter/Documents/MDS_UBC/My Projects/Grounded_SAM/Labeling/dataset/gate_dataset/images/train/rgb_15575.png,/Users/peter/Documents/MDS_UBC/My Projects/Grounded_SAM/Labeling/dataset/gate_dataset/labels/train/rgb_15575.txt,1,0.5929685831069946,0.9579066749392213,1.0,1.0,1.0,1.0,0.0,0.0,1,1
rgb_15576,/Users/peter/Documents/MDS_UBC/My Projects/Grounded_SAM/Labeling/dataset/gate_dataset/images/train/rgb_15576.png,/Users/peter/Documents/MDS_UBC/My Projects/Grounded_SAM/Labeling/dataset/gate_dataset/labels/train/rgb_15576.txt,1,0.5620977282524109,0.979392566606212,1.0,1.0,1.0,1.0,0.0,0.0,1,1
rgb_15577,/Users/peter/Documents/MDS_UBC/My Projects/Grounded_SAM/Labeling/dataset/gate_dataset/images/train/rgb_15577.png,/Users/peter/Documents/MDS_UBC/My Projects/Grounded_SAM/Labeling/dataset/gate_dataset/labels/train/rgb_15577.txt,1,0.5737940669059753,0.967907700778057,1.0,1.0,1.0,1.0,0.0,0.0,1,1
rgb_15580,/Users/peter/Documents/MDS_UBC/My Projects/Grounded_SAM/Labeling/dataset/gate_dataset/images/train/rgb_15580.png,/Users/peter/Documents/MDS_UBC/My Projects/Grounded_SAM/Labeling/dataset/gate_dataset/labels/train/rgb_15580.txt,1,0.564795196056366,0.9721514963229279,1.0,1.0,1.0,1.0,0.0,0.0,1,1
rgb_15581,/Users/peter/Documents/MDS_UBC/My Projects/Grounded_SAM/Labeling/dataset/gate_dataset/images/train/rgb_15581.png,/Users/peter/Documents/MDS_UBC/My Projects/Grounded_SAM/Labeling/dataset/gate_dataset/labels/train/rgb_15581.txt,1,0.5292931795120239,0.9711337799274681,1.0,1.0,1.0,1.0,0.0,0.0,1,1
rgb_15582,/Users/peter/Documents/MDS_UBC/My Projects/Grounded_SAM/Labeling/dataset/gate_dataset/images/train/rgb_15582.png,/Users/peter/Documents/MDS_UBC/My Projects/Grounded_SAM/Labeling/dataset/gate_dataset/labels/train/rgb_15582.txt,1,0.5749067664146423,0.9693913032515069,1.0,1.0,1.0,1.0,0.0,0.0,1,1
rgb_15584,/Users/peter/Documents/MDS_UBC/My Projects/Grounded_SAM/Labeling/dataset/gate_dataset/images/train/rgb_15584.png,/Users/peter/Documents/MDS_UBC/My Projects/Grounded_SAM/Labeling/dataset/gate_dataset/labels/train/rgb_15584.txt,1,0.668455958366394,0.983103960580662,1.0,1.0,1.0,1.0,0.0,0.0,1,1
rgb_15585,/Users/peter/Documents/MDS_UBC/My Projects/Grounded_SAM/Labeling/dataset/gate_dataset/images/train/rgb_15585.png,/Users/peter/Documents/MDS_UBC/My Projects/Grounded_SAM/Labeling/dataset/gate_dataset/labels/train/rgb_15585.txt,1,0.6473900079727173,0.9326134226448827,1.0,1.0,1.0,1.0,0.0,0.0,1,1
rgb_15744,/Users/peter/Documents/MDS_UBC/My Projects/Grounded_SAM/Labeling/dataset/gate_dataset/images/train/rgb_15744.png,/Users/peter/Documents/MDS_UBC/My Projects/Grounded_SAM/Labeling/dataset/gate_dataset/labels/train/rgb_15744.txt,1,0.6000372767448425,0.9797945330829319,1.0,1.0,1.0,1.0,0.0,0.0,1,1
rgb_15802,/Users/peter/Documents/MDS_UBC/My Projects/Grounded_SAM/Labeling/dataset/gate_dataset/images/train/rgb_15802.png,/Users/peter/Documents/MDS_UBC/My Projects/Grounded_SAM/Labeling/dataset/gate_dataset/labels/train/rgb_15802.txt,1,0.5712134838104248,0.9809616337568056,1.0,1.0,1.0,1.0,0.0,0.0,1,1
rgb_15930,/Users/peter/Documents/MDS_UBC/My Projects/Grounded_SAM/Labeling/dataset/gate_dataset/images/train/rgb_15930.png,/Users/peter/Documents/MDS_UBC/My Projects/Grounded_SAM/Labeling/dataset/gate_dataset/labels/train/rgb_15930.txt,1,0.5713505148887634,0.9182928518086914,1.0,1.0,1.0,1.0,0.0,0.0,1,1
rgb_16004,/Users/peter/Documents/MDS_UBC/My Projects/Grounded_SAM/Labeling/dataset/gate_dataset/images/train/rgb_16004.png,/Users/peter/Documents/MDS_UBC/My Projects/Grounded_SAM/Labeling/dataset/gate_dataset/labels/train/rgb_16004.txt,1,0.531731903553009,0.9536921421134485,1.0,1.0,1.0,1.0,0.0,0.0,1,1
rgb_16033,/Users/peter/Documents/MDS_UBC/My Projects/Grounded_SAM/Labeling/dataset/gate_dataset/images/train/rgb_16033.png,/Users/peter/Documents/MDS_UBC/My Projects/Grounded_SAM/Labeling/dataset/gate_dataset/labels/train/rgb_16033.txt,1,0.46322745084762573,0.9723462180628768,1.0,1.0,1.0,1.0,0.0,0.0,1,1
rgb_16081,/Users/peter/Documents/MDS_UBC/My Projects/Grounded_SAM/Labeling/dataset/gate_dataset/images/train/rgb_16081.png,/Users/peter/Documents/MDS_UBC/My Projects/Grounded_SAM/Labeling/dataset/gate_dataset/labels/train/rgb_16081.txt,2,0.37133777141571045,0.9718206603352402,0.5,1.0,0.6666666666666666,1.0,1.0,0.0,2,1
rgb_16122,/Users/peter/Documents/MDS_UBC/My Projects/Grounded_SAM/Labeling/dataset/gate_dataset/images/train/rgb_16122.png,/Users/peter/Documents/MDS_UBC/My Projects/Grounded_SAM/Labeling/dataset/gate_dataset/labels/train/rgb_16122.txt,2,0.377018541097641,0.9697387537204064,0.5,1.0,0.6666666666666666,1.0,1.0,0.0,2,1
rgb_16170,/Users/peter/Documents/MDS_UBC/My Projects/Grounded_SAM/Labeling/dataset/gate_dataset/images/train/rgb_16170.png,/Users/peter/Documents/MDS_UBC/My Projects/Grounded_SAM/Labeling/dataset/gate_dataset/labels/train/rgb_16170.txt,1,0.5793749094009399,0.9779524842757397,1.0,1.0,1.0,1.0,0.0,0.0,1,1
rgb_16204,/Users/peter/Documents/MDS_UBC/My Projects/Grounded_SAM/Labeling/dataset/gate_dataset/images/train/rgb_16204.png,/Users/peter/Documents/MDS_UBC/My Projects/Grounded_SAM/Labeling/dataset/gate_dataset/labels/train/rgb_16204.txt,1,0.5467498898506165,0.974115838525047,1.0,1.0,1.0,1.0,0.0,0.0,1,1
rgb_16235,/Users/peter/Documents/MDS_UBC/My Projects/Grounded_SAM/Labeling/dataset/gate_dataset/images/train/rgb_16235.png,/Users/peter/Documents/MDS_UBC/My Projects/Grounded_SAM/Labeling/dataset/gate_dataset/labels/train/rgb_16235.txt,1,0.5979400277137756,0.9630011629919671,1.0,1.0,1.0,1.0,0.0,0.0,1,1
rgb_16268,/Users/peter/Documents/MDS_UBC/My Projects/Grounded_SAM/Labeling/dataset/gate_dataset/images/train/rgb_16268.png,/Users/peter/Documents/MDS_UBC/My Projects/Grounded_SAM/Labeling/dataset/gate_dataset/labels/train/rgb_16268.txt,1,0.6654370427131653,0.9444830502176771,1.0,1.0,1.0,1.0,0.0,0.0,1,1
rgb_16277,/Users/peter/Documents/MDS_UBC/My Projects/Grounded_SAM/Labeling/dataset/gate_dataset/images/train/rgb_16277.png,/Users/peter/Documents/MDS_UBC/My Projects/Grounded_SAM/Labeling/dataset/gate_dataset/labels/train/rgb_16277.txt,1,0.6849220395088196,0.9644584026901076,1.0,1.0,1.0,1.0,0.0,0.0,1,1
rgb_16350,/Users/peter/Documents/MDS_UBC/My Projects/Grounded_SAM/Labeling/dataset/gate_dataset/images/train/rgb_16350.png,/Users/peter/Documents/MDS_UBC/My Projects/Grounded_SAM/Labeling/dataset/gate_dataset/labels/train/rgb_16350.txt,1,0.5914744138717651,0.9650849136544737,1.0,1.0,1.0,1.0,0.0,0.0,1,1
rgb_16365,/Users/peter/Documents/MDS_UBC/My Projects/Grounded_SAM/Labeling/dataset/gate_dataset/images/train/rgb_16365.png,/Users/peter/Documents/MDS_UBC/My Projects/Grounded_SAM/Labeling/dataset/gate_dataset/labels/train/rgb_16365.txt,1,0.6766632199287415,0.9749078986527645,1.0,1.0,1.0,1.0,0.0,0.0,1,1
rgb_16366,/Users/peter/Documents/MDS_UBC/My Projects/Grounded_SAM/Labeling/dataset/gate_dataset/images/train/rgb_16366.png,/Users/peter/Documents/MDS_UBC/My Projects/Grounded_SAM/Labeling/dataset/gate_dataset/labels/train/rgb_16366.txt,1,0.726478099822998,0.978723264700293,1.0,1.0,1.0,1.0,0.0,0.0,1,1
rgb_16367,/Users/peter/Documents/MDS_UBC/My Projects/Grounded_SAM/Labeling/dataset/gate_dataset/images/train/rgb_16367.png,/Users/peter/Documents/MDS_UBC/My Projects/Grounded_SAM/Labeling/dataset/gate_dataset/labels/train/rgb_16367.txt,1,0.7192246913909912,0.9609396264974253,1.0,1.0,1.0,1.0,0.0,0.0,1,1
rgb_16368,/Users/peter/Documents/MDS_UBC/My Projects/Grounded_SAM/Labeling/dataset/gate_dataset/images/train/rgb_16368.png,/Users/peter/Documents/MDS_UBC/My Projects/Grounded_SAM/Labeling/dataset/gate_dataset/labels/train/rgb_16368.txt,1,0.5678355097770691,0.9562562163992555,1.0,1.0,1.0,1.0,0.0,0.0,1,1
rgb_16369,/Users/peter/Documents/MDS_UBC/My Projects/Grounded_SAM/Labeling/dataset/gate_dataset/images/train/rgb_16369.png,/Users/peter/Documents/MDS_UBC/My Projects/Grounded_SAM/Labeling/dataset/gate_dataset/labels/train/rgb_16369.txt,1,0.6044450402259827,0.9549829023646789,1.0,1.0,1.0,1.0,0.0,0.0,1,1
rgb_16373,/Users/peter/Documents/MDS_UBC/My Projects/Grounded_SAM/Labeling/dataset/gate_dataset/images/train/rgb_16373.png,/Users/peter/Documents/MDS_UBC/My Projects/Grounded_SAM/Labeling/dataset/gate_dataset/labels/train/rgb_16373.txt,1,0.5121252536773682,0.9665214282247802,1.0,1.0,1.0,1.0,0.0,0.0,1,1
rgb_16375,/Users/peter/Documents/MDS_UBC/My Projects/Grounded_SAM/Labeling/dataset/gate_dataset/images/train/rgb_16375.png,/Users/peter/Documents/MDS_UBC/My Projects/Grounded_SAM/Labeling/dataset/gate_dataset/labels/train/rgb_16375.txt,1,0.6041691899299622,0.9486689434183572,1.0,1.0,1.0,1.0,0.0,0.0,1,1
rgb_16376,/Users/peter/Documents/MDS_UBC/My Projects/Grounded_SAM/Labeling/dataset/gate_dataset/images/train/rgb_16376.png,/Users/peter/Documents/MDS_UBC/My Projects/Grounded_SAM/Labeling/dataset/gate_dataset/labels/train/rgb_16376.txt,1,0.48576050996780396,0.9556941317690301,1.0,1.0,1.0,1.0,0.0,0.0,1,1
rgb_16377,/Users/peter/Documents/MDS_UBC/My Projects/Grounded_SAM/Labeling/dataset/gate_dataset/images/train/rgb_16377.png,/Users/peter/Documents/MDS_UBC/My Projects/Grounded_SAM/Labeling/dataset/gate_dataset/labels/train/rgb_16377.txt,1,0.6435225605964661,0.946798737320105,1.0,1.0,1.0,1.0,0.0,0.0,1,1
rgb_16423,/Users/peter/Documents/MDS_UBC/My Projects/Grounded_SAM/Labeling/dataset/gate_dataset/images/train/rgb_16423.png,/Users/peter/Documents/MDS_UBC/My Projects/Grounded_SAM/Labeling/dataset/gate_dataset/labels/train/rgb_16423.txt,1,0.5437524318695068,0.9659958233298743,1.0,1.0,1.0,1.0,0.0,0.0,1,1
rgb_16424,/Users/peter/Documents/MDS_UBC/My Projects/Grounded_SAM/Labeling/dataset/gate_dataset/images/train/rgb_16424.png,/Users/peter/Documents/MDS_UBC/My Projects/Grounded_SAM/Labeling/dataset/gate_dataset/labels/train/rgb_16424.txt,1,0.6483005881309509,0.9739899058583819,1.0,1.0,1.0,1.0,0.0,0.0,1,1
rgb_16425,/Users/peter/Documents/MDS_UBC/My Projects/Grounded_SAM/Labeling/dataset/gate_dataset/images/train/rgb_16425.png,/Users/peter/Documents/MDS_UBC/My Projects/Grounded_SAM/Labeling/dataset/gate_dataset/labels/train/rgb_16425.txt,1,0.5644786953926086,0.977212492929165,1.0,1.0,1.0,1.0,0.0,0.0,1,1
rgb_16426,/Users/peter/Documents/MDS_UBC/My Projects/Grounded_SAM/Labeling/dataset/gate_dataset/images/train/rgb_16426.png,/Users/peter/Documents/MDS_UBC/My Projects/Grounded_SAM/Labeling/dataset/gate_dataset/labels/train/rgb_16426.txt,1,0.6231165528297424,0.9891085318133777,1.0,1.0,1.0,1.0,0.0,0.0,1,1
rgb_16428,/Users/peter/Documents/MDS_UBC/My Projects/Grounded_SAM/Labeling/dataset/gate_dataset/images/train/rgb_16428.png,/Users/peter/Documents/MDS_UBC/My Projects/Grounded_SAM/Labeling/dataset/gate_dataset/labels/train/rgb_16428.txt,1,0.610237181186676,0.9880208163137547,1.0,1.0,1.0,1.0,0.0,0.0,1,1
rgb_16431,/Users/peter/Documents/MDS_UBC/My Projects/Grounded_SAM/Labeling/dataset/gate_dataset/images/train/rgb_16431.png,/Users/peter/Documents/MDS_UBC/My Projects/Grounded_SAM/Labeling/dataset/gate_dataset/labels/train/rgb_16431.txt,1,0.6636210680007935,0.9819662839406217,1.0,1.0,1.0,1.0,0.0,0.0,1,1
rgb_16432,/Users/peter/Documents/MDS_UBC/My Projects/Grounded_SAM/Labeling/dataset/gate_dataset/images/train/rgb_16432.png,/Users/peter/Documents/MDS_UBC/My Projects/Grounded_SAM/Labeling/dataset/gate_dataset/labels/train/rgb_16432.txt,1,0.5805158019065857,0.971955882141315,1.0,1.0,1.0,1.0,0.0,0.0,1,1
rgb_16433,/Users/peter/Documents/MDS_UBC/My Projects/Grounded_SAM/Labeling/dataset/gate_dataset/images/train/rgb_16433.png,/Users/peter/Documents/MDS_UBC/My Projects/Grounded_SAM/Labeling/dataset/gate_dataset/labels/train/rgb_16433.txt,1,0.6009266972541809,0.9759304298286813,1.0,1.0,1.0,1.0,0.0,0.0,1,1
rgb_16434,/Users/peter/Documents/MDS_UBC/My Projects/Grounded_SAM/Labeling/dataset/gate_dataset/images/train/rgb_16434.png,/Users/peter/Documents/MDS_UBC/My Projects/Grounded_SAM/Labeling/dataset/gate_dataset/labels/train/rgb_16434.txt,1,0.6783391237258911,0.968328847198209,1.0,1.0,1.0,1.0,0.0,0.0,1,1
rgb_16435,/Users/peter/Documents/MDS_UBC/My Projects/Grounded_SAM/Labeling/dataset/gate_dataset/images/train/rgb_16435.png,/Users/peter/Documents/MDS_UBC/My Projects/Grounded_SAM/Labeling/dataset/gate_dataset/labels/train/rgb_16435.txt,1,0.557019829750061,0.9692016336362562,1.0,1.0,1.0,1.0,0.0,0.0,1,1
rgb_16436,/Users/peter/Documents/MDS_UBC/My Projects/Grounded_SAM/Labeling/dataset/gate_dataset/images/train/rgb_16436.png,/Users/peter/Documents/MDS_UBC/My Projects/Grounded_SAM/Labeling/dataset/gate_dataset/labels/train/rgb_16436.txt,1,0.5555781722068787,0.9850192073286691,1.0,1.0,1.0,1.0,0.0,0.0,1,1
rgb_16860,/Users/peter/Documents/MDS_UBC/My Projects/Grounded_SAM/Labeling/dataset/gate_dataset/images/train/rgb_16860.png,/Users/peter/Documents/MDS_UBC/My Projects/Grounded_SAM/Labeling/dataset/gate_dataset/labels/train/rgb_16860.txt,1,0.4931066334247589,0.9382878096273434,1.0,1.0,1.0,1.0,0.0,0.0,1,1
rgb_16861,/Users/peter/Documents/MDS_UBC/My Projects/Grounded_SAM/Labeling/dataset/gate_dataset/images/train/rgb_16861.png,/Users/peter/Documents/MDS_UBC/My Projects/Grounded_SAM/Labeling/dataset/gate_dataset/labels/train/rgb_16861.txt,1,0.40741288661956787,0.9693762968999097,1.0,1.0,1.0,1.0,0.0,0.0,1,1
rgb_16862,/Users/peter/Documents/MDS_UBC/My Projects/Grounded_SAM/Labeling/dataset/gate_dataset/images/train/rgb_16862.png,/Users/peter/Documents/MDS_UBC/My Projects/Grounded_SAM/Labeling/dataset/gate_dataset/labels/train/rgb_16862.txt,1,0.383953332901001,0.9655726825196446,1.0,1.0,1.0,1.0,0.0,0.0,1,1
rgb_17063,/Users/peter/Documents/MDS_UBC/My Projects/Grounded_SAM/Labeling/dataset/gate_dataset/images/train/rgb_17063.png,/Users/peter/Documents/MDS_UBC/My Projects/Grounded_SAM/Labeling/dataset/gate_dataset/labels/train/rgb_17063.txt,1,0.5729309320449829,0.9801040781326968,1.0,1.0,1.0,1.0,0.0,0.0,1,1
rgb_17064,/Users/peter/Documents/MDS_UBC/My Projects/Grounded_SAM/Labeling/dataset/gate_dataset/images/train/rgb_17064.png,/Users/peter/Documents/MDS_UBC/My Projects/Grounded_SAM/Labeling/dataset/gate_dataset/labels/train/rgb_17064.txt,1,0.606539249420166,0.9645323257199895,1.0,1.0,1.0,1.0,0.0,0.0,1,1
rgb_17065,/Users/peter/Documents/MDS_UBC/My Projects/Grounded_SAM/Labeling/dataset/gate_dataset/images/train/rgb_17065.png,/Users/peter/Documents/MDS_UBC/My Projects/Grounded_SAM/Labeling/dataset/gate_dataset/labels/train/rgb_17065.txt,1,0.5890482068061829,0.9580737587629338,1.0,1.0,1.0,1.0,0.0,0.0,1,1
rgb_17066,/Users/peter/Documents/MDS_UBC/My Projects/Grounded_SAM/Labeling/dataset/gate_dataset/images/train/rgb_17066.png,/Users/peter/Documents/MDS_UBC/My Projects/Grounded_SAM/Labeling/dataset/gate_dataset/labels/train/rgb_17066.txt,1,0.552347719669342,0.9414354555118709,1.0,1.0,1.0,1.0,0.0,0.0,1,1
rgb_17068,/Users/peter/Documents/MDS_UBC/My Projects/Grounded_SAM/Labeling/dataset/gate_dataset/images/train/rgb_17068.png,/Users/peter/Documents/MDS_UBC/My Projects/Grounded_SAM/Labeling/dataset/gate_dataset/labels/train/rgb_17068.txt,1,0.5759661793708801,0.9760098537375744,1.0,1.0,1.0,1.0,0.0,0.0,1,1
rgb_17069,/Users/peter/Documents/MDS_UBC/My Projects/Grounded_SAM/Labeling/dataset/gate_dataset/images/train/rgb_17069.png,/Users/peter/Documents/MDS_UBC/My Projects/Grounded_SAM/Labeling/dataset/gate_dataset/labels/train/rgb_17069.txt,1,0.6322672963142395,0.9487480511342533,1.0,1.0,1.0,1.0,0.0,0.0,1,1
rgb_17070,/Users/peter/Documents/MDS_UBC/My Projects/Grounded_SAM/Labeling/dataset/gate_dataset/images/train/rgb_17070.png,/Users/peter/Documents/MDS_UBC/My Projects/Grounded_SAM/Labeling/dataset/gate_dataset/labels/train/rgb_17070.txt,1,0.6261493563652039,0.9403310682059085,1.0,1.0,1.0,1.0,0.0,0.0,1,1
rgb_17311,/Users/peter/Documents/MDS_UBC/My Projects/Grounded_SAM/Labeling/dataset/gate_dataset/images/train/rgb_17311.png,/Users/peter/Documents/MDS_UBC/My Projects/Grounded_SAM/Labeling/dataset/gate_dataset/labels/train/rgb_17311.txt,1,0.6359124183654785,0.9379559341521988,1.0,1.0,1.0,1.0,0.0,0.0,1,1
rgb_17312,/Users/peter/Documents/MDS_UBC/My Projects/Grounded_SAM/Labeling/dataset/gate_dataset/images/train/rgb_17312.png,/Users/peter/Documents/MDS_UBC/My Projects/Grounded_SAM/Labeling/dataset/gate_dataset/labels/train/rgb_17312.txt,1,0.6610696911811829,0.9640071147446657,1.0,1.0,1.0,1.0,0.0,0.0,1,1
rgb_17313,/Users/peter/Documents/MDS_UBC/My Projects/Grounded_SAM/Labeling/dataset/gate_dataset/images/train/rgb_17313.png,/Users/peter/Documents/MDS_UBC/My Projects/Grounded_SAM/Labeling/dataset/gate_dataset/labels/train/rgb_17313.txt,1,0.5717024803161621,0.9534252440652488,1.0,1.0,1.0,1.0,0.0,0.0,1,1
rgb_17314,/Users/peter/Documents/MDS_UBC/My Projects/Grounded_SAM/Labeling/dataset/gate_dataset/images/train/rgb_17314.png,/Users/peter/Documents/MDS_UBC/My Projects/Grounded_SAM/Labeling/dataset/gate_dataset/labels/train/rgb_17314.txt,1,0.4416908621788025,0.9655487355795604,1.0,1.0,1.0,1.0,0.0,0.0,1,1
rgb_17316,/Users/peter/Documents/MDS_UBC/My Projects/Grounded_SAM/Labeling/dataset/gate_dataset/images/train/rgb_17316.png,/Users/peter/Documents/MDS_UBC/My Projects/Grounded_SAM/Labeling/dataset/gate_dataset/labels/train/rgb_17316.txt,1,0.583731472492218,0.9619572223413168,1.0,1.0,1.0,1.0,0.0,0.0,1,1
rgb_17317,/Users/peter/Documents/MDS_UBC/My Projects/Grounded_SAM/Labeling/dataset/gate_dataset/images/train/rgb_17317.png,/Users/peter/Documents/MDS_UBC/My Projects/Grounded_SAM/Labeling/dataset/gate_dataset/labels/train/rgb_17317.txt,1,0.5326918959617615,0.9688572228721548,1.0,1.0,1.0,1.0,0.0,0.0,1,1
rgb_17319,/Users/peter/Documents/MDS_UBC/My Projects/Grounded_SAM/Labeling/dataset/gate_dataset/images/train/rgb_17319.png,/Users/peter/Documents/MDS_UBC/My Projects/Grounded_SAM/Labeling/dataset/gate_dataset/labels/train/rgb_17319.txt,1,0.5240542888641357,0.975296621712121,1.0,1.0,1.0,1.0,0.0,0.0,1,1
rgb_17320,/Users/peter/Documents/MDS_UBC/My Projects/Grounded_SAM/Labeling/dataset/gate_dataset/images/train/rgb_17320.png,/Users/peter/Documents/MDS_UBC/My Projects/Grounded_SAM/Labeling/dataset/gate_dataset/labels/train/rgb_17320.txt,1,0.7065826654434204,0.9562522561771951,1.0,1.0,1.0,1.0,0.0,0.0,1,1
rgb_17321,/Users/peter/Documents/MDS_UBC/My Projects/Grounded_SAM/Labeling/dataset/gate_dataset/images/train/rgb_17321.png,/Users/peter/Documents/MDS_UBC/My Projects/Grounded_SAM/Labeling/dataset/gate_dataset/labels/train/rgb_17321.txt,1,0.6828142404556274,0.9562747995047578,1.0,1.0,1.0,1.0,0.0,0.0,1,1
rgb_17322,/Users/peter/Documents/MDS_UBC/My Projects/Grounded_SAM/Labeling/dataset/gate_dataset/images/train/rgb_17322.png,/Users/peter/Documents/MDS_UBC/My Projects/Grounded_SAM/Labeling/dataset/gate_dataset/labels/train/rgb_17322.txt,1,0.7038065195083618,0.9711591772850576,1.0,1.0,1.0,1.0,0.0,0.0,1,1
rgb_17323,/Users/peter/Documents/MDS_UBC/My Projects/Grounded_SAM/Labeling/dataset/gate_dataset/images/train/rgb_17323.png,/Users/peter/Documents/MDS_UBC/My Projects/Grounded_SAM/Labeling/dataset/gate_dataset/labels/train/rgb_17323.txt,1,0.7021740674972534,0.9543833160607245,1.0,1.0,1.0,1.0,0.0,0.0,1,1
rgb_17325,/Users/peter/Documents/MDS_UBC/My Projects/Grounded_SAM/Labeling/dataset/gate_dataset/images/train/rgb_17325.png,/Users/peter/Documents/MDS_UBC/My Projects/Grounded_SAM/Labeling/dataset/gate_dataset/labels/train/rgb_17325.txt,1,0.6455860137939453,0.9610540767194188,1.0,1.0,1.0,1.0,0.0,0.0,1,1
rgb_17645,/Users/peter/Documents/MDS_UBC/My Projects/Grounded_SAM/Labeling/dataset/gate_dataset/images/train/rgb_17645.png,/Users/peter/Documents/MDS_UBC/My Projects/Grounded_SAM/Labeling/dataset/gate_dataset/labels/train/rgb_17645.txt,1,0.4928339123725891,0.927302462313332,1.0,1.0,1.0,1.0,0.0,0.0,1,1
rgb_17646,/Users/peter/Documents/MDS_UBC/My Projects/Grounded_SAM/Labeling/dataset/gate_dataset/images/train/rgb_17646.png,/Users/peter/Documents/MDS_UBC/My Projects/Grounded_SAM/Labeling/dataset/gate_dataset/labels/train/rgb_17646.txt,1,0.5771178603172302,0.9331085528151039,1.0,1.0,1.0,1.0,0.0,0.0,1,1
rgb_17647,/Users/peter/Documents/MDS_UBC/My Projects/Grounded_SAM/Labeling/dataset/gate_dataset/images/train/rgb_17647.png,/Users/peter/Documents/MDS_UBC/My Projects/Grounded_SAM/Labeling/dataset/gate_dataset/labels/train/rgb_17647.txt,1,0.6301964521408081,0.9690693531179669,1.0,1.0,1.0,1.0,0.0,0.0,1,1
rgb_17653,/Users/peter/Documents/MDS_UBC/My Projects/Grounded_SAM/Labeling/dataset/gate_dataset/images/train/rgb_17653.png,/Users/peter/Documents/MDS_UBC/My Projects/Grounded_SAM/Labeling/dataset/gate_dataset/labels/train/rgb_17653.txt,1,0.5242975950241089,0.9639677173990859,1.0,1.0,1.0,1.0,0.0,0.0,1,1
rgb_17654,/Users/peter/Documents/MDS_UBC/My Projects/Grounded_SAM/Labeling/dataset/gate_dataset/images/train/rgb_17654.png,/Users/peter/Documents/MDS_UBC/My Projects/Grounded_SAM/Labeling/dataset/gate_dataset/labels/train/rgb_17654.txt,1,0.5826924443244934,0.964826239184411,1.0,1.0,1.0,1.0,0.0,0.0,1,1
rgb_17655,/Users/peter/Documents/MDS_UBC/My Projects/Grounded_SAM/Labeling/dataset/gate_dataset/images/train/rgb_17655.png,/Users/peter/Documents/MDS_UBC/My Projects/Grounded_SAM/Labeling/dataset/gate_dataset/labels/train/rgb_17655.txt,1,0.5991614460945129,0.9872035749779194,1.0,1.0,1.0,1.0,0.0,0.0,1,1
rgb_17796,/Users/peter/Documents/MDS_UBC/My Projects/Grounded_SAM/Labeling/dataset/gate_dataset/images/train/rgb_17796.png,/Users/peter/Documents/MDS_UBC/My Projects/Grounded_SAM/Labeling/dataset/gate_dataset/labels/train/rgb_17796.txt,2,0.3892505168914795,0.7852890596155337,0.5,1.0,0.6666666666666666,1.0,1.0,0.0,2,1
rgb_17803,/Users/peter/Documents/MDS_UBC/My Projects/Grounded_SAM/Labeling/dataset/gate_dataset/images/train/rgb_17803.png,/Users/peter/Documents/MDS_UBC/My Projects/Grounded_SAM/Labeling/dataset/gate_dataset/labels/train/rgb_17803.txt,1,0.4401942789554596,0.0,0.0,0.0,0.0,0.0,1.0,1.0,1,1
rgb_17804,/Users/peter/Documents/MDS_UBC/My Projects/Grounded_SAM/Labeling/dataset/gate_dataset/images/train/rgb_17804.png,/Users/peter/Documents/MDS_UBC/My Projects/Grounded_SAM/Labeling/dataset/gate_dataset/labels/train/rgb_17804.txt,1,0.44474148750305176,0.0,0.0,0.0,0.0,0.0,1.0,1.0,1,1
rgb_17975,/Users/peter/Documents/MDS_UBC/My Projects/Grounded_SAM/Labeling/dataset/gate_dataset/images/train/rgb_17975.png,/Users/peter/Documents/MDS_UBC/My Projects/Grounded_SAM/Labeling/dataset/gate_dataset/labels/train/rgb_17975.txt,1,0.4127471148967743,0.0,0.0,0.0,0.0,0.0,1.0,1.0,1,1
rgb_17976,/Users/peter/Documents/MDS_UBC/My Projects/Grounded_SAM/Labeling/dataset/gate_dataset/images/train/rgb_17976.png,/Users/peter/Documents/MDS_UBC/My Projects/Grounded_SAM/Labeling/dataset/gate_dataset/labels/train/rgb_17976.txt,2,0.3782494068145752,0.9163587983045318,0.5,1.0,0.6666666666666666,1.0,1.0,0.0,2,1
rgb_17977,/Users/peter/Documents/MDS_UBC/My Projects/Grounded_SAM/Labeling/dataset/gate_dataset/images/train/rgb_17977.png,/Users/peter/Documents/MDS_UBC/My Projects/Grounded_SAM/Labeling/dataset/gate_dataset/labels/train/rgb_17977.txt,2,0.3701162338256836,0.0,0.0,0.0,0.0,0.0,2.0,1.0,2,1
rgb_17978,/Users/peter/Documents/MDS_UBC/My Projects/Grounded_SAM/Labeling/dataset/gate_dataset/images/train/rgb_17978.png,/Users/peter/Documents/MDS_UBC/My Projects/Grounded_SAM/Labeling/dataset/gate_dataset/labels/train/rgb_17978.txt,2,0.40509068965911865,0.0,0.0,0.0,0.0,0.0,2.0,1.0,2,1
rgb_17984,/Users/peter/Documents/MDS_UBC/My Projects/Grounded_SAM/Labeling/dataset/gate_dataset/images/train/rgb_17984.png,/Users/peter/Documents/MDS_UBC/My Projects/Grounded_SAM/Labeling/dataset/gate_dataset/labels/train/rgb_17984.txt,2,0.3652881681919098,0.0,0.0,0.0,0.0,0.0,2.0,1.0,2,1
rgb_17985,/Users/peter/Documents/MDS_UBC/My Projects/Grounded_SAM/Labeling/dataset/gate_dataset/images/train/rgb_17985.png,/Users/peter/Documents/MDS_UBC/My Projects/Grounded_SAM/Labeling/dataset/gate_dataset/labels/train/rgb_17985.txt,1,0.41644448041915894,0.0,0.0,0.0,0.0,0.0,1.0,1.0,1,1
rgb_17986,/Users/peter/Documents/MDS_UBC/My Projects/Grounded_SAM/Labeling/dataset/gate_dataset/images/train/rgb_17986.png,/Users/peter/Documents/MDS_UBC/My Projects/Grounded_SAM/Labeling/dataset/gate_dataset/labels/train/rgb_17986.txt,2,0.37776505947113037,0.9578163465061242,0.5,1.0,0.6666666666666666,1.0,1.0,0.0,2,1
rgb_18071,/Users/peter/Documents/MDS_UBC/My Projects/Grounded_SAM/Labeling/dataset/gate_dataset/images/train/rgb_18071.png,/Users/peter/Documents/MDS_UBC/My Projects/Grounded_SAM/Labeling/dataset/gate_dataset/labels/train/rgb_18071.txt,1,0.5446620583534241,0.9128415758387255,1.0,1.0,1.0,1.0,0.0,0.0,1,1
rgb_18072,/Users/peter/Documents/MDS_UBC/My Projects/Grounded_SAM/Labeling/dataset/gate_dataset/images/train/rgb_18072.png,/Users/peter/Documents/MDS_UBC/My Projects/Grounded_SAM/Labeling/dataset/gate_dataset/labels/train/rgb_18072.txt,1,0.4933367967605591,0.9688396316737432,1.0,1.0,1.0,1.0,0.0,0.0,1,1
rgb_18073,/Users/peter/Documents/MDS_UBC/My Projects/Grounded_SAM/Labeling/dataset/gate_dataset/images/train/rgb_18073.png,/Users/peter/Documents/MDS_UBC/My Projects/Grounded_SAM/Labeling/dataset/gate_dataset/labels/train/rgb_18073.txt,1,0.4996439516544342,0.9073067347853234,1.0,1.0,1.0,1.0,0.0,0.0,1,1
rgb_18074,/Users/peter/Documents/MDS_UBC/My Projects/Grounded_SAM/Labeling/dataset/gate_dataset/images/train/rgb_18074.png,/Users/peter/Documents/MDS_UBC/My Projects/Grounded_SAM/Labeling/dataset/gate_dataset/labels/train/rgb_18074.txt,1,0.4510064423084259,0.9825692787327029,1.0,1.0,1.0,1.0,0.0,0.0,1,1
rgb_18079,/Users/peter/Documents/MDS_UBC/My Projects/Grounded_SAM/Labeling/dataset/gate_dataset/images/train/rgb_18079.png,/Users/peter/Documents/MDS_UBC/My Projects/Grounded_SAM/Labeling/dataset/gate_dataset/labels/train/rgb_18079.txt,1,0.5418952107429504,0.958284594264522,1.0,1.0,1.0,1.0,0.0,0.0,1,1
rgb_18080,/Users/peter/Documents/MDS_UBC/My Projects/Grounded_SAM/Labeling/dataset/gate_dataset/images/train/rgb_18080.png,/Users/peter/Documents/MDS_UBC/My Projects/Grounded_SAM/Labeling/dataset/gate_dataset/labels/train/rgb_18080.txt,1,0.5521000623703003,0.968527471817037,1.0,1.0,1.0,1.0,0.0,0.0,1,1
rgb_18081,/Users/peter/Documents/MDS_UBC/My Projects/Grounded_SAM/Labeling/dataset/gate_dataset/images/train/rgb_18081.png,/Users/peter/Documents/MDS_UBC/My Projects/Grounded_SAM/Labeling/dataset/gate_dataset/labels/train/rgb_18081.txt,1,0.5392058491706848,0.9724198165020635,1.0,1.0,1.0,1.0,0.0,0.0,1,1
rgb_18082,/Users/peter/Documents/MDS_UBC/My Projects/Grounded_SAM/Labeling/dataset/gate_dataset/images/train/rgb_18082.png,/Users/peter/Documents/MDS_UBC/My Projects/Grounded_SAM/Labeling/dataset/gate_dataset/labels/train/rgb_18082.txt,1,0.5422766804695129,0.964900876359352,1.0,1.0,1.0,1.0,0.0,0.0,1,1
rgb_18083,/Users/peter/Documents/MDS_UBC/My Projects/Grounded_SAM/Labeling/dataset/gate_dataset/images/train/rgb_18083.png,/Users/peter/Documents/MDS_UBC/My Projects/Grounded_SAM/Labeling/dataset/gate_dataset/labels/train/rgb_18083.txt,1,0.5073521733283997,0.9719522531430469,1.0,1.0,1.0,1.0,0.0,0.0,1,1
rgb_18169,/Users/peter/Documents/MDS_UBC/My Projects/Grounded_SAM/Labeling/dataset/gate_dataset/images/train/rgb_18169.png,/Users/peter/Documents/MDS_UBC/My Projects/Grounded_SAM/Labeling/dataset/gate_dataset/labels/train/rgb_18169.txt,1,0.5636883974075317,0.9184303829970868,1.0,1.0,1.0,1.0,0.0,0.0,1,1
rgb_18170,/Users/peter/Documents/MDS_UBC/My Projects/Grounded_SAM/Labeling/dataset/gate_dataset/images/train/rgb_18170.png,/Users/peter/Documents/MDS_UBC/My Projects/Grounded_SAM/Labeling/dataset/gate_dataset/labels/train/rgb_18170.txt,1,0.5727006196975708,0.9662056044942539,1.0,1.0,1.0,1.0,0.0,0.0,1,1
rgb_18172,/Users/peter/Documents/MDS_UBC/My Projects/Grounded_SAM/Labeling/dataset/gate_dataset/images/train/rgb_18172.png,/Users/peter/Documents/MDS_UBC/My Projects/Grounded_SAM/Labeling/dataset/gate_dataset/labels/train/rgb_18172.txt,1,0.558681309223175,0.9949174786431144,1.0,1.0,1.0,1.0,0.0,0.0,1,1
rgb_18177,/Users/peter/Documents/MDS_UBC/My Projects/Grounded_SAM/Labeling/dataset/gate_dataset/images/train/rgb_18177.png,/Users/peter/Documents/MDS_UBC/My Projects/Grounded_SAM/Labeling/dataset/gate_dataset/labels/train/rgb_18177.txt,1,0.3911561965942383,0.0,0.0,0.0,0.0,0.0,1.0,1.0,1,1
rgb_18178,/Users/peter/Documents/MDS_UBC/My Projects/Grounded_SAM/Labeling/dataset/gate_dataset/images/train/rgb_18178.png,/Users/peter/Documents/MDS_UBC/My Projects/Grounded_SAM/Labeling/dataset/gate_dataset/labels/train/rgb_18178.txt,1,0.4562686085700989,0.9630883352589793,1.0,1.0,1.0,1.0,0.0,0.0,1,1
rgb_18179,/Users/peter/Documents/MDS_UBC/My Projects/Grounded_SAM/Labeling/dataset/gate_dataset/images/train/rgb_18179.png,/Users/peter/Documents/MDS_UBC/My Projects/Grounded_SAM/Labeling/dataset/gate_dataset/labels/train/rgb_18179.txt,1,0.5729150176048279,0.9676579158974374,1.0,1.0,1.0,1.0,0.0,0.0,1,1
rgb_18180,/Users/peter/Documents/MDS_UBC/My Projects/Grounded_SAM/Labeling/dataset/gate_dataset/images/train/rgb_18180.png,/Users/peter/Documents/MDS_UBC/My Projects/Grounded_SAM/Labeling/dataset/gate_dataset/labels/train/rgb_18180.txt,1,0.6058440804481506,0.9508365719243429,1.0,1.0,1.0,1.0,0.0,0.0,1,1
rgb_18241,/Users/peter/Documents/MDS_UBC/My Projects/Grounded_SAM/Labeling/dataset/gate_dataset/images/train/rgb_18241.png,/Users/peter/Documents/MDS_UBC/My Projects/Grounded_SAM/Labeling/dataset/gate_dataset/labels/train/rgb_18241.txt,1,0.5226173400878906,0.9534283448909239,1.0,1.0,1.0,1.0,0.0,0.0,1,1
rgb_18242,/Users/peter/Documents/MDS_UBC/My Projects/Grounded_SAM/Labeling/dataset/gate_dataset/images/train/rgb_18242.png,/Users/peter/Documents/MDS_UBC/My Projects/Grounded_SAM/Labeling/dataset/gate_dataset/labels/train/rgb_18242.txt,1,0.5151332020759583,0.9645868958019254,1.0,1.0,1.0,1.0,0.0,0.0,1,1
rgb_18244,/Users/peter/Documents/MDS_UBC/My Projects/Grounded_SAM/Labeling/dataset/gate_dataset/images/train/rgb_18244.png,/Users/peter/Documents/MDS_UBC/My Projects/Grounded_SAM/Labeling/dataset/gate_dataset/labels/train/rgb_18244.txt,1,0.41402363777160645,0.0,0.0,0.0,0.0,0.0,1.0,1.0,1,1
rgb_18249,/Users/peter/Documents/MDS_UBC/My Projects/Grounded_SAM/Labeling/dataset/gate_dataset/images/train/rgb_18249.png,/Users/peter/Documents/MDS_UBC/My Projects/Grounded_SAM/Labeling/dataset/gate_dataset/labels/train/rgb_18249.txt,1,0.4483770728111267,0.9876128628192494,1.0,1.0,1.0,1.0,0.0,0.0,1,1
rgb_18250,/Users/peter/Documents/MDS_UBC/My Projects/Grounded_SAM/Labeling/dataset/gate_dataset/images/train/rgb_18250.png,/Users/peter/Documents/MDS_UBC/My Projects/Grounded_SAM/Labeling/dataset/gate_dataset/labels/train/rgb_18250.txt,1,0.46941423416137695,0.9469276870812076,1.0,1.0,1.0,1.0,0.0,0.0,1,1
rgb_18251,/Users/peter/Documents/MDS_UBC/My Projects/Grounded_SAM/Labeling/dataset/gate_dataset/images/train/rgb_18251.png,/Users/peter/Documents/MDS_UBC/My Projects/Grounded_SAM/Labeling/dataset/gate_dataset/labels/train/rgb_18251.txt,1,0.5359535217285156,0.9699053269472593,1.0,1.0,1.0,1.0,0.0,0.0,1,1
rgb_18252,/Users/peter/Documents/MDS_UBC/My Projects/Grounded_SAM/Labeling/dataset/gate_dataset/images/train/rgb_18252.png,/Users/peter/Documents/MDS_UBC/My Projects/Grounded_SAM/Labeling/dataset/gate_dataset/labels/train/rgb_18252.txt,1,0.46335455775260925,0.9598129776882904,1.0,1.0,1.0,1.0,0.0,0.0,1,1
rgb_18273,/Users/peter/Documents/MDS_UBC/My Projects/Grounded_SAM/Labeling/dataset/gate_dataset/images/train/rgb_18273.png,/Users/peter/Documents/MDS_UBC/My Projects/Grounded_SAM/Labeling/dataset/gate_dataset/labels/train/rgb_18273.txt,1,0.5610576868057251,0.9639480643782723,1.0,1.0,1.0,1.0,0.0,0.0,1,1
rgb_18274,/Users/peter/Documents/MDS_UBC/My Projects/Grounded_SAM/Labeling/dataset/gate_dataset/images/train/rgb_18274.png,/Users/peter/Documents/MDS_UBC/My Projects/Grounded_SAM/Labeling/dataset/gate_dataset/labels/train/rgb_18274.txt,1,0.5357761979103088,0.9895112044977054,1.0,1.0,1.0,1.0,0.0,0.0,1,1
rgb_18276,/Users/peter/Documents/MDS_UBC/My Projects/Grounded_SAM/Labeling/dataset/gate_dataset/images/train/rgb_18276.png,/Users/peter/Documents/MDS_UBC/My Projects/Grounded_SAM/Labeling/dataset/gate_dataset/labels/train/rgb_18276.txt,1,0.5689356327056885,0.9630555179959599,1.0,1.0,1.0,1.0,0.0,0.0,1,1
rgb_18277,/Users/peter/Documents/MDS_UBC/My Projects/Grounded_SAM/Labeling/dataset/gate_dataset/images/train/rgb_18277.png,/Users/peter/Documents/MDS_UBC/My Projects/Grounded_SAM/Labeling/dataset/gate_dataset/labels/train/rgb_18277.txt,1,0.5723145604133606,0.9552447849828581,1.0,1.0,1.0,1.0,0.0,0.0,1,1
rgb_18281,/Users/peter/Documents/MDS_UBC/My Projects/Grounded_SAM/Labeling/dataset/gate_dataset/images/train/rgb_18281.png,/Users/peter/Documents/MDS_UBC/My Projects/Grounded_SAM/Labeling/dataset/gate_dataset/labels/train/rgb_18281.txt,1,0.46352651715278625,0.9762666160171987,1.0,1.0,1.0,1.0,0.0,0.0,1,1
rgb_18282,/Users/peter/Documents/MDS_UBC/My Projects/Grounded_SAM/Labeling/dataset/gate_dataset/images/train/rgb_18282.png,/Users/peter/Documents/MDS_UBC/My Projects/Grounded_SAM/Labeling/dataset/gate_dataset/labels/train/rgb_18282.txt,1,0.5576799511909485,0.9664606006056343,1.0,1.0,1.0,1.0,0.0,0.0,1,1
rgb_18283,/Users/peter/Documents/MDS_UBC/My Projects/Grounded_SAM/Labeling/dataset/gate_dataset/images/train/rgb_18283.png,/Users/peter/Documents/MDS_UBC/My Projects/Grounded_SAM/Labeling/dataset/gate_dataset/labels/train/rgb_18283.txt,1,0.5169702172279358,0.9382520068900325,1.0,1.0,1.0,1.0,0.0,0.0,1,1
rgb_18284,/Users/peter/Documents/MDS_UBC/My Projects/Grounded_SAM/Labeling/dataset/gate_dataset/images/train/rgb_18284.png,/Users/peter/Documents/MDS_UBC/My Projects/Grounded_SAM/Labeling/dataset/gate_dataset/labels/train/rgb_18284.txt,1,0.5459862351417542,0.975583034243401,1.0,1.0,1.0,1.0,0.0,0.0,1,1
rgb_18285,/Users/peter/Documents/MDS_UBC/My Projects/Grounded_SAM/Labeling/dataset/gate_dataset/images/train/rgb_18285.png,/Users/peter/Documents/MDS_UBC/My Projects/Grounded_SAM/Labeling/dataset/gate_dataset/labels/train/rgb_18285.txt,1,0.5856120586395264,0.9787629648102192,1.0,1.0,1.0,1.0,0.0,0.0,1,1
rgb_18290,/Users/peter/Documents/MDS_UBC/My Projects/Grounded_SAM/Labeling/dataset/gate_dataset/images/train/rgb_18290.png,/Users/peter/Documents/MDS_UBC/My Projects/Grounded_SAM/Labeling/dataset/gate_dataset/labels/train/rgb_18290.txt,1,0.4449288249015808,0.9702744692864742,1.0,1.0,1.0,1.0,0.0,0.0,1,1
rgb_18291,/Users/peter/Documents/MDS_UBC/My Projects/Grounded_SAM/Labeling/dataset/gate_dataset/images/train/rgb_18291.png,/Users/peter/Documents/MDS_UBC/My Projects/Grounded_SAM/Labeling/dataset/gate_dataset/labels/train/rgb_18291.txt,1,0.5874416828155518,0.9573723183512178,1.0,1.0,1.0,1.0,0.0,0.0,1,1
rgb_18292,/Users/peter/Documents/MDS_UBC/My Projects/Grounded_SAM/Labeling/dataset/gate_dataset/images/train/rgb_18292.png,/Users/peter/Documents/MDS_UBC/My Projects/Grounded_SAM/Labeling/dataset/gate_dataset/labels/train/rgb_18292.txt,1,0.5830541253089905,0.9796647164972135,1.0,1.0,1.0,1.0,0.0,0.0,1,1
rgb_18293,/Users/peter/Documents/MDS_UBC/My Projects/Grounded_SAM/Labeling/dataset/gate_dataset/images/train/rgb_18293.png,/Users/peter/Documents/MDS_UBC/My Projects/Grounded_SAM/Labeling/dataset/gate_dataset/labels/train/rgb_18293.txt,1,0.5319856405258179,0.9807638855153327,1.0,1.0,1.0,1.0,0.0,0.0,1,1
rgb_18312,/Users/peter/Documents/MDS_UBC/My Projects/Grounded_SAM/Labeling/dataset/gate_dataset/images/train/rgb_18312.png,/Users/peter/Documents/MDS_UBC/My Projects/Grounded_SAM/Labeling/dataset/gate_dataset/labels/train/rgb_18312.txt,1,0.5312410593032837,0.9864482314325523,1.0,1.0,1.0,1.0,0.0,0.0,1,1
rgb_18313,/Users/peter/Documents/MDS_UBC/My Projects/Grounded_SAM/Labeling/dataset/gate_dataset/images/train/rgb_18313.png,/Users/peter/Documents/MDS_UBC/My Projects/Grounded_SAM/Labeling/dataset/gate_dataset/labels/train/rgb_18313.txt,1,0.5190988779067993,0.9826283388841406,1.0,1.0,1.0,1.0,0.0,0.0,1,1
rgb_18314,/Users/peter/Documents/MDS_UBC/My Projects/Grounded_SAM/Labeling/dataset/gate_dataset/images/train/rgb_18314.png,/Users/peter/Documents/MDS_UBC/My Projects/Grounded_SAM/Labeling/dataset/gate_dataset/labels/train/rgb_18314.txt,1,0.5073671340942383,0.9662343665136615,1.0,1.0,1.0,1.0,0.0,0.0,1,1
rgb_18316,/Users/peter/Documents/MDS_UBC/My Projects/Grounded_SAM/Labeling/dataset/gate_dataset/images/train/rgb_18316.png,/Users/peter/Documents/MDS_UBC/My Projects/Grounded_SAM/Labeling/dataset/gate_dataset/labels/train/rgb_18316.txt,1,0.5198779106140137,0.9651922507147522,1.0,1.0,1.0,1.0,0.0,0.0,1,1
rgb_18317,/Users/peter/Documents/MDS_UBC/My Projects/Grounded_SAM/Labeling/dataset/gate_dataset/images/train/rgb_18317.png,/Users/peter/Documents/MDS_UBC/My Projects/Grounded_SAM/Labeling/dataset/gate_dataset/labels/train/rgb_18317.txt,1,0.621035635471344,0.9638137647092448,1.0,1.0,1.0,1.0,0.0,0.0,1,1
rgb_18318,/Users/peter/Documents/MDS_UBC/My Projects/Grounded_SAM/Labeling/dataset/gate_dataset/images/train/rgb_18318.png,/Users/peter/Documents/MDS_UBC/My Projects/Grounded_SAM/Labeling/dataset/gate_dataset/labels/train/rgb_18318.txt,1,0.6307741403579712,0.9759338505375367,1.0,1.0,1.0,1.0,0.0,0.0,1,1
rgb_18320,/Users/peter/Documents/MDS_UBC/My Projects/Grounded_SAM/Labeling/dataset/gate_dataset/images/train/rgb_18320.png,/Users/peter/Documents/MDS_UBC/My Projects/Grounded_SAM/Labeling/dataset/gate_dataset/labels/train/rgb_18320.txt,1,0.5732623934745789,0.9768741102647103,1.0,1.0,1.0,1.0,0.0,0.0,1,1
rgb_18321,/Users/peter/Documents/MDS_UBC/My Projects/Grounded_SAM/Labeling/dataset/gate_dataset/images/train/rgb_18321.png,/Users/peter/Documents/MDS_UBC/My Projects/Grounded_SAM/Labeling/dataset/gate_dataset/labels/train/rgb_18321.txt,1,0.5108933448791504,0.9627237477906705,1.0,1.0,1.0,1.0,0.0,0.0,1,1
rgb_18322,/Users/peter/Documents/MDS_UBC/My Projects/Grounded_SAM/Labeling/dataset/gate_dataset/images/train/rgb_18322.png,/Users/peter/Documents/MDS_UBC/My Projects/Grounded_SAM/Labeling/dataset/gate_dataset/labels/train/rgb_18322.txt,1,0.4692235589027405,0.9685506434025662,1.0,1.0,1.0,1.0,0.0,0.0,1,1
rgb_18323,/Users/peter/Documents/MDS_UBC/My Projects/Grounded_SAM/Labeling/dataset/gate_dataset/images/train/rgb_18323.png,/Users/peter/Documents/MDS_UBC/My Projects/Grounded_SAM/Labeling/dataset/gate_dataset/labels/train/rgb_18323.txt,1,0.5139492154121399,0.9937685981015841,1.0,1.0,1.0,1.0,0.0,0.0,1,1
rgb_18325,/Users/peter/Documents/MDS_UBC/My Projects/Grounded_SAM/Labeling/dataset/gate_dataset/images/train/rgb_18325.png,/Users/peter/Documents/MDS_UBC/My Projects/Grounded_SAM/Labeling/dataset/gate_dataset/labels/train/rgb_18325.txt,1,0.4982513189315796,0.9732383935626427,1.0,1.0,1.0,1.0,0.0,0.0,1,1
rgb_18326,/Users/peter/Documents/MDS_UBC/My Projects/Grounded_SAM/Labeling/dataset/gate_dataset/images/train/rgb_18326.png,/Users/peter/Documents/MDS_UBC/My Projects/Grounded_SAM/Labeling/dataset/gate_dataset/labels/train/rgb_18326.txt,1,0.48351243138313293,0.9692122141807483,1.0,1.0,1.0,1.0,0.0,0.0,1,1
rgb_18328,/Users/peter/Documents/MDS_UBC/My Projects/Grounded_SAM/Labeling/dataset/gate_dataset/images/train/rgb_18328.png,/Users/peter/Documents/MDS_UBC/My Projects/Grounded_SAM/Labeling/dataset/gate_dataset/labels/train/rgb_18328.txt,1,0.3941098749637604,0.9683753368135406,1.0,1.0,1.0,1.0,0.0,0.0,1,1
rgb_18329,/Users/peter/Documents/MDS_UBC/My Projects/Grounded_SAM/Labeling/dataset/gate_dataset/images/train/rgb_18329.png,/Users/peter/Documents/MDS_UBC/My Projects/Grounded_SAM/Labeling/dataset/gate_dataset/labels/train/rgb_18329.txt,2,0.39716005325317383,0.9674529625947972,0.5,1.0,0.6666666666666666,1.0,1.0,0.0,2,1
rgb_18330,/Users/peter/Documents/MDS_UBC/My Projects/Grounded_SAM/Labeling/dataset/gate_dataset/images/train/rgb_18330.png,/Users/peter/Documents/MDS_UBC/My Projects/Grounded_SAM/Labeling/dataset/gate_dataset/labels/train/rgb_18330.txt,1,0.5373818278312683,0.973322181700525,1.0,1.0,1.0,1.0,0.0,0.0,1,1
rgb_18331,/Users/peter/Documents/MDS_UBC/My Projects/Grounded_SAM/Labeling/dataset/gate_dataset/images/train/rgb_18331.png,/Users/peter/Documents/MDS_UBC/My Projects/Grounded_SAM/Labeling/dataset/gate_dataset/labels/train/rgb_18331.txt,1,0.5306217670440674,0.9553537744599303,1.0,1.0,1.0,1.0,0.0,0.0,1,1
rgb_18332,/Users/peter/Documents/MDS_UBC/My Projects/Grounded_SAM/Labeling/dataset/gate_dataset/images/train/rgb_18332.png,/Users/peter/Documents/MDS_UBC/My Projects/Grounded_SAM/Labeling/dataset/gate_dataset/labels/train/rgb_18332.txt,1,0.5793942213058472,0.9767979216575065,1.0,1.0,1.0,1.0,0.0,0.0,1,1
rgb_18334,/Users/peter/Documents/MDS_UBC/My Projects/Grounded_SAM/Labeling/dataset/gate_dataset/images/train/rgb_18334.png,/Users/peter/Documents/MDS_UBC/My Projects/Grounded_SAM/Labeling/dataset/gate_dataset/labels/train/rgb_18334.txt,1,0.545174241065979,0.9883211087015201,1.0,1.0,1.0,1.0,0.0,0.0,1,1
rgb_2343,/Users/peter/Documents/MDS_UBC/My Projects/Grounded_SAM/Labeling/dataset/gate_dataset/images/train/rgb_2343.png,/Users/peter/Documents/MDS_UBC/My Projects/Grounded_SAM/Labeling/dataset/gate_dataset/labels/train/rgb_2343.txt,1,0.389312207698822,0.9526649382838154,1.0,1.0,1.0,1.0,0.0,0.0,1,1
rgb_2470,/Users/peter/Documents/MDS_UBC/My Projects/Grounded_SAM/Labeling/dataset/gate_dataset/images/train/rgb_2470.png,/Users/peter/Documents/MDS_UBC/My Projects/Grounded_SAM/Labeling/dataset/gate_dataset/labels/train/rgb_2470.txt,1,0.4045620560646057,0.9641203568110724,1.0,1.0,1.0,1.0,0.0,0.0,1,1
rgb_3519,/Users/peter/Documents/MDS_UBC/My Projects/Grounded_SAM/Labeling/dataset/gate_dataset/images/train/rgb_3519.png,/Users/peter/Documents/MDS_UBC/My Projects/Grounded_SAM/Labeling/dataset/gate_dataset/labels/train/rgb_3519.txt,1,0.6554852724075317,0.9508193661596962,1.0,1.0,1.0,1.0,0.0,0.0,1,1
rgb_3552,/Users/peter/Documents/MDS_UBC/My Projects/Grounded_SAM/Labeling/dataset/gate_dataset/images/train/rgb_3552.png,/Users/peter/Documents/MDS_UBC/My Projects/Grounded_SAM/Labeling/dataset/gate_dataset/labels/train/rgb_3552.txt,1,0.6679577827453613,0.9768690990230732,1.0,1.0,1.0,1.0,0.0,0.0,1,1
rgb_3715,/Users/peter/Documents/MDS_UBC/My Projects/Grounded_SAM/Labeling/dataset/gate_dataset/images/train/rgb_3715.png,/Users/peter/Documents/MDS_UBC/My Projects/Grounded_SAM/Labeling/dataset/gate_dataset/labels/train/rgb_3715.txt,1,0.5516950488090515,0.7017586016372016,1.0,1.0,1.0,1.0,0.0,0.0,1,1
rgb_3867,/Users/peter/Documents/MDS_UBC/My Projects/Grounded_SAM/Labeling/dataset/gate_dataset/images/train/rgb_3867.png,/Users/peter/Documents/MDS_UBC/My Projects/Grounded_SAM/Labeling/dataset/gate_dataset/labels/train/rgb_3867.txt,1,0.4526057839393616,0.9319589343419398,1.0,1.0,1.0,1.0,0.0,0.0,1,1
rgb_3894,/Users/peter/Documents/MDS_UBC/My Projects/Grounded_SAM/Labeling/dataset/gate_dataset/images/train/rgb_3894.png,/Users/peter/Documents/MDS_UBC/My Projects/Grounded_SAM/Labeling/dataset/gate_dataset/labels/train/rgb_3894.txt,1,0.47968682646751404,0.968946868805792,1.0,1.0,1.0,1.0,0.0,0.0,1,1
rgb_4417,/Users/peter/Documents/MDS_UBC/My Projects/Grounded_SAM/Labeling/dataset/gate_dataset/images/train/rgb_4417.png,/Users/peter/Documents/MDS_UBC/My Projects/Grounded_SAM/Labeling/dataset/gate_dataset/labels/train/rgb_4417.txt,1,0.5760772228240967,0.9389752645843851,1.0,1.0,1.0,1.0,0.0,0.0,1,1
rgb_4496,/Users/peter/Documents/MDS_UBC/My Projects/Grounded_SAM/Labeling/dataset/gate_dataset/images/train/rgb_4496.png,/Users/peter/Documents/MDS_UBC/My Projects/Grounded_SAM/Labeling/dataset/gate_dataset/labels/train/rgb_4496.txt,1,0.6425138711929321,0.9713084478216564,1.0,1.0,1.0,1.0,0.0,0.0,1,1
rgb_4513,/Users/peter/Documents/MDS_UBC/My Projects/Grounded_SAM/Labeling/dataset/gate_dataset/images/train/rgb_4513.png,/Users/peter/Documents/MDS_UBC/My Projects/Grounded_SAM/Labeling/dataset/gate_dataset/labels/train/rgb_4513.txt,1,0.5595977306365967,0.9659481724686396,1.0,1.0,1.0,1.0,0.0,0.0,1,1
rgb_4554,/Users/peter/Documents/MDS_UBC/My Projects/Grounded_SAM/Labeling/dataset/gate_dataset/images/train/rgb_4554.png,/Users/peter/Documents/MDS_UBC/My Projects/Grounded_SAM/Labeling/dataset/gate_dataset/labels/train/rgb_4554.txt,1,0.5828409790992737,0.9733568769458631,1.0,1.0,1.0,1.0,0.0,0.0,1,1
rgb_4635,/Users/peter/Documents/MDS_UBC/My Projects/Grounded_SAM/Labeling/dataset/gate_dataset/images/train/rgb_4635.png,/Users/peter/Documents/MDS_UBC/My Projects/Grounded_SAM/Labeling/dataset/gate_dataset/labels/train/rgb_4635.txt,1,0.7340251207351685,0.9769815003155938,1.0,1.0,1.0,1.0,0.0,0.0,1,1
rgb_4660,/Users/peter/Documents/MDS_UBC/My Projects/Grounded_SAM/Labeling/dataset/gate_dataset/images/train/rgb_4660.png,/Users/peter/Documents/MDS_UBC/My Projects/Grounded_SAM/Labeling/dataset/gate_dataset/labels/train/rgb_4660.txt,1,0.7195073366165161,0.987321290363957,1.0,1.0,1.0,1.0,0.0,0.0,1,1
rgb_4670,/Users/peter/Documents/MDS_UBC/My Projects/Grounded_SAM/Labeling/dataset/gate_dataset/images/train/rgb_4670.png,/Users/peter/Documents/MDS_UBC/My Projects/Grounded_SAM/Labeling/dataset/gate_dataset/labels/train/rgb_4670.txt,1,0.7322278022766113,0.9747725228927694,1.0,1.0,1.0,1.0,0.0,0.0,1,1
rgb_4717,/Users/peter/Documents/MDS_UBC/My Projects/Grounded_SAM/Labeling/dataset/gate_dataset/images/train/rgb_4717.png,/Users/peter/Documents/MDS_UBC/My Projects/Grounded_SAM/Labeling/dataset/gate_dataset/labels/train/rgb_4717.txt,1,0.7009516358375549,0.9961430369343244,1.0,1.0,1.0,1.0,0.0,0.0,1,1
rgb_4727,/Users/peter/Documents/MDS_UBC/My Projects/Grounded_SAM/Labeling/dataset/gate_dataset/images/train/rgb_4727.png,/Users/peter/Documents/MDS_UBC/My Projects/Grounded_SAM/Labeling/dataset/gate_dataset/labels/train/rgb_4727.txt,1,0.7337835431098938,0.9778656656416449,1.0,1.0,1.0,1.0,0.0,0.0,1,1
rgb_4841,/Users/peter/Documents/MDS_UBC/My Projects/Grounded_SAM/Labeling/dataset/gate_dataset/images/train/rgb_4841.png,/Users/peter/Documents/MDS_UBC/My Projects/Grounded_SAM/Labeling/dataset/gate_dataset/labels/train/rgb_4841.txt,1,0.530332088470459,0.9783705700743751,1.0,1.0,1.0,1.0,0.0,0.0,1,1
rgb_4843,/Users/peter/Documents/MDS_UBC/My Projects/Grounded_SAM/Labeling/dataset/gate_dataset/images/train/rgb_4843.png,/Users/peter/Documents/MDS_UBC/My Projects/Grounded_SAM/Labeling/dataset/gate_dataset/labels/train/rgb_4843.txt,1,0.5333681702613831,0.9747076611326022,1.0,1.0,1.0,1.0,0.0,0.0,1,1
rgb_5027,/Users/peter/Documents/MDS_UBC/My Projects/Grounded_SAM/Labeling/dataset/gate_dataset/images/train/rgb_5027.png,/Users/peter/Documents/MDS_UBC/My Projects/Grounded_SAM/Labeling/dataset/gate_dataset/labels/train/rgb_5027.txt,1,0.40492677688598633,0.9767524880161875,1.0,1.0,1.0,1.0,0.0,0.0,1,1
rgb_7436,/Users/peter/Documents/MDS_UBC/My Projects/Grounded_SAM/Labeling/dataset/gate_dataset/images/train/rgb_7436.png,/Users/peter/Documents/MDS_UBC/My Projects/Grounded_SAM/Labeling/dataset/gate_dataset/labels/train/rgb_7436.txt,1,0.5372459888458252,0.0,0.0,0.0,0.0,0.0,1.0,1.0,1,1
rgb_982,/Users/peter/Documents/MDS_UBC/My Projects/Grounded_SAM/Labeling/dataset/gate_dataset/images/train/rgb_982.png,/Users/peter/Documents/MDS_UBC/My Projects/Grounded_SAM/Labeling/dataset/gate_dataset/labels/train/rgb_982.txt,1,0.5024992227554321,0.958411568153956,1.0,1.0,1.0,1.0,0.0,0.0,1,1
